<!DOCTYPE tiles-definitions PUBLIC "-//Apache Software Foundation//DTD Tiles Configuration 2.0//EN" 
"http://tiles.apache.org/dtds/tiles-config_2_0.dtd">
      
<tiles-definitions>

  <definition name="baseTemplate" id="baseTemplate" template="/WEB-INF/layout/baseLayout.jsp">
    <put-attribute name="header" value="/WEB-INF/layout/header.jsp" />
    <put-attribute name="body" value="${body}" />
    <put-attribute name="footer" value="/WEB-INF/layout/footer.jsp" />
  </definition>
  
  <!-- Mapping for login Page -->
  <definition name="login" id="login" extends="baseTemplate">
    <put-attribute name="body" value="/WEB-INF/jsp/login.jsp" />
  </definition>
  
  
    <!-- Mapping for login Page -->
   <definition name="registration" id="registration" extends="baseTemplate">
	   <put-attribute name="body" value="/WEB-INF/jsp/registration.jsp" />
	</definition>
  
  
  </tiles-definitions>