<?xml version="1.0" encoding="UTF-8"?>
<beans xmlns="http://www.springframework.org/schema/beans"
	xmlns:xsi="http://www.w3.org/2001/XMLSchema-instance" xmlns:context="http://www.springframework.org/schema/context"
	xmlns:mvc="http://www.springframework.org/schema/mvc" xmlns:util="http://www.springframework.org/schema/util"
	xsi:schemaLocation="http://www.springframework.org/schema/beans http://www.springframework.org/schema/beans/spring-beans-3.2.xsd
    http://www.springframework.org/schema/context http://www.springframework.org/schema/context/spring-context-3.2.xsd
        http://www.springframework.org/schema/mvc http://www.springframework.org/schema/mvc/spring-mvc-3.2.xsd
     http://www.springframework.org/schema/util http://www.springframework.org/schema/util/spring-util-3.2.xsd">
	<import resource="classpath:/applicationContext-service.xml" /> 
	<context:component-scan base-package="com.aartek.prestigepoint.controller" />
	<context:component-scan base-package="com.aartek.prestigepoint.controller.ws" />
	<context:component-scan base-package="com.aartek.prestigepoint.validator" />
	<context:component-scan base-package="com.aartek.prestigepoint.repository" />
	<context:component-scan base-package="com.aartek.prestigepoint.repositoryImpl" />
	<context:component-scan base-package="com.aartek.prestigepoint.service" />
	<context:component-scan base-package="com.aartek.prestigepoint.serviceImpl" />
	<mvc:annotation-driven />
	<context:annotation-config />
	<bean id="viewResolver"
		class="org.springframework.web.servlet.view.UrlBasedViewResolver">
		<property name="contentType" value="text/html;charset=UTF-8" />
		<property name="viewClass">
			<value>
				org.springframework.web.servlet.view.tiles2.TilesView
			</value>
		</property>
	</bean>
	<mvc:interceptors>
		<mvc:interceptor>
			<mvc:mapping path="/**" />
			<mvc:exclude-mapping path="/login.do*" />
			<mvc:exclude-mapping path="/stuSignIn.do*" />
			<mvc:exclude-mapping path="/stuRegistration.do*" />
			<mvc:exclude-mapping path="/registration.do*" />
			<mvc:exclude-mapping path="/logout.do*" />
			<mvc:exclude-mapping path="/welcome.do*" />
			<mvc:exclude-mapping path="/enquiryAction.do*" />
			<mvc:exclude-mapping path="/forgotPassword.do*" />
			<mvc:exclude-mapping path="/userForgotPassword.do*" />
			<mvc:exclude-mapping path="/aboutUs.do*" />
			<mvc:exclude-mapping path="/contactUs.do*" />
			<mvc:exclude-mapping path="/saveContact.do*" />
			<mvc:exclude-mapping path="/course.do*" />
			<mvc:exclude-mapping path="/directorMessage.do*" />
			<mvc:exclude-mapping path="/keyPeople.do*" />
			<mvc:exclude-mapping path="/viewCurrentBatch.do*" />
			<mvc:exclude-mapping path="/placementCell.do*" />
			<mvc:exclude-mapping path="/features.do*" />
			<mvc:exclude-mapping path="/editor.do*" />
			<mvc:exclude-mapping path="/editorAction.do*" />
			<mvc:exclude-mapping path="/blog.do*" />
			<mvc:exclude-mapping path="/verify.do*" /> 
			<mvc:exclude-mapping path="/verifyUserEmailId.do*" />  
			<mvc:exclude-mapping path="/java.do*" />
			<mvc:exclude-mapping path="/industrialTraining.do*" /> 
			<mvc:exclude-mapping path="/corporateTraining.do*" />  
			<mvc:exclude-mapping path="/coursesDeclear.do*" />  
			<mvc:exclude-mapping path="/photoGallery.do*" />  
			<mvc:exclude-mapping path="/getAllSubject.do*" />
			<mvc:exclude-mapping path="/getQuestionAndAnswerWS.do*" />
			<mvc:exclude-mapping path="/getStudentLoginDetail.do*" />
			<mvc:exclude-mapping path="/getStudentLogin.do*" />
			<mvc:exclude-mapping path="/getStudentEmiDetails.do*" />
			<mvc:exclude-mapping path="/changePassword.do*" />
			<mvc:exclude-mapping path="/forgotPassword.do*" />
			<mvc:exclude-mapping path="/userLogin.do*" />
			<mvc:exclude-mapping path="/userLogout.do*" />
			<mvc:exclude-mapping path="/saveComment.do*" />
			<mvc:exclude-mapping path="/studentsImage.do*" />
			<mvc:exclude-mapping path="/getAllComments.do*" />
			<bean class="com.aartek.prestigepoint.controller.LoggingWebInterceptor" />
		</mvc:interceptor>
	</mvc:interceptors>

	<bean id="tilesConfigurer"
		class="org.springframework.web.servlet.view.tiles2.TilesConfigurer">
		<property name="definitions">
			<list>
				<value>/WEB-INF/tiles.xml</value>
			</list>
		</property>
	</bean>
</beans>
